{
    "0": "0",
    "1": "1",
    "2": "2",
    "3": "3",
    "4": "4",
    "5": "5",
    "6": "6",
    "7": "7",
    "8": "8",
    "9": "9",
    "Restart": "إعادة تشغيل",
    "Pause": "يوقف",
    "Play": "يلعب",
    "Save State": "حالة الحفظ",
    "Load State": "الدولة الحمل",
    "Control Settings": "إعدادات التحكم",
    "Cheats": "غش",
    "Cache Manager": "مدير ذاكرة التخزين المؤقت",
    "Export Save File": "تصدير حفظ الملف",
    "Import Save File": "استيراد حفظ ملف",
    "Netplay": "نيت بلاي",
    "Mute": "صامت",
    "Unmute": "إعادة الصوت",
    "Settings": "إعدادات",
    "Enter Fullscreen": "أدخل ملء الشاشة",
    "Exit Fullscreen": "الخروج من الشاشة الكاملة",
    "Reset": "إعادة ضبط",
    "Clear": "واضح",
    "Close": "يغلق",
    "QUICK SAVE STATE": "حالة الحفظ السريع",
    "QUICK LOAD STATE": "حالة التحميل السريع",
    "CHANGE STATE SLOT": "تغيير فتحة الدولة",
    "FAST FORWARD": "تقدم سريع",
    "Player": "لاعب",
    "Connected Gamepad": "Gamepad متصل",
    "Gamepad": "لوحة الألعاب",
    "Keyboard": "لوحة المفاتيح",
    "Set": "تعيين",
    "Add Cheat": "أضف الغش",
    "Create a Room": "أنشئ غرفة",
    "Rooms": "غرف",
    "Start Game": "بدء اللعبة",
    "Loading...": "تحميل...",
    "Download Game Core": "تحميل Game Core",
    "Decompress Game Core": "فك ضغط جوهر اللعبة",
    "Download Game Data": "تنزيل بيانات اللعبة",
    "Decompress Game Data": "فك ضغط بيانات اللعبة",
    "Shaders": "شادر",
    "Disabled": "عاجز",
    "2xScaleHQ": "2xScaleHQ",
    "4xScaleHQ": "4xScaleHQ",
    "CRT easymode": "وضع CRT السهل",
    "CRT aperture": "فتحة CRT",
    "CRT geom": "CRT geom",
    "CRT mattias": "CRT ماتياس",
    "FPS": "FPS",
    "show": "يعرض",
    "hide": "يخفي",
    "Fast Forward Ratio": "نسبة التقديم السريع",
    "Fast Forward": "تقديم سريع",
    "Enabled": "ممكن",
    "Save State Slot": "حفظ الدولة فتحة",
    "Save State Location": "حفظ موقع الدولة",
    "Download": "تحميل",
    "Keep in Browser": "ابق في المتصفح",
    "Auto": "آلي",
    "NTSC": "NTSC",
    "PAL": "صديق",
    "Dendy": "دندي",
    "8:7 PAR": "8: 7 PAR",
    "4:3": "4: 3",
    "Low": "قليل",
    "High": "عالي",
    "Very High": "عالي جدا",
    "None": "لا أحد",
    "Player 1": "اللاعب 1",
    "Player 2": "اللاعب 2",
    "Both": "كلاهما",
    "SAVED STATE TO SLOT": "الدولة المحفوظة في فتحة",
    "LOADED STATE FROM SLOT": "حالة محملة من الفتحة",
    "SET SAVE STATE SLOT TO": "تعيين فتحة حفظ الحالة إلى",
    "Network Error": "خطأ في الشبكة",
    "Submit": "يُقدِّم",
    "Description": "وصف",
    "Code": "شفرة",
    "Add Cheat Code": "أضف كود الغش",
    "Leave Room": "غادر الغرفة",
    "Password": "كلمة المرور",
    "Password (optional)": "كلمة المرور (اختياري)",
    "Max Players": "ماكس لاعبين",
    "Room Name": "اسم الغرفة",
    "Join": "ينضم",
    "Player Name": "اسم اللاعب",
    "Set Player Name": "تعيين اسم اللاعب",
    "Left Handed Mode": "وضع اليد اليسرى",
    "Virtual Gamepad": "لوحة الألعاب الافتراضية",
    "Disk": "القرص",
    "Press Keyboard": "اضغط على لوحة المفاتيح",
    "INSERT COIN": "إدراج عملة",
    "Remove": "يزيل",
    "SAVE LOADED FROM BROWSER": "وفر محملًا من المتصفح",
    "SAVE SAVED TO BROWSER": "تم الحفظ في المتصفح",
    "Join the discord": "انضم إلى الفتنة",
    "View on GitHub": "عرض على جيثب",
    "Failed to start game": "فشل بدء اللعبة",
    "Download Game BIOS": "تنزيل Game BIOS",
    "Decompress Game BIOS": "فك ضغط Game BIOS",
    "Download Game Parent": "تحميل Game Parent",
    "Decompress Game Parent": "فك ضغط لعبة الوالد",
    "Download Game Patch": "تنزيل Game Patch",
    "Decompress Game Patch": "فك ضغط لعبة التصحيح",
    "Download Game State": "تنزيل Game State",
    "Check console": "تحقق من وحدة التحكم",
    "Error for site owner": "خطأ لمالك الموقع",
    "EmulatorJS": "المحاكي JS",
    "Clear All": "امسح الكل",
    "Take Screenshot": "خد لقطة للشاشة",
    "Quick Save": "الحفظ السريع",
    "Quick Load": "تحميل سريع",
    "REWIND": "الترجيع",
    "Rewind Enabled (requires restart)": "تم تمكين الترجيع (يتطلب إعادة التشغيل)",
    "Rewind Granularity": "الترجيع المحبب",
    "Slow Motion Ratio": "نسبة الحركة البطيئة",
    "Slow Motion": "حركة بطيئة",
    "Home": "بيت",
    "EmulatorJS License": "رخصة EmulatorJS",
    "RetroArch License": "ترخيص RetroArch",
    "SLOW MOTION": "حركة بطيئة",
    "A": "أ",
    "B": "ب",
    "SELECT": "يختار",
    "START": "يبدأ",
    "UP": "أعلى",
    "DOWN": "تحت",
    "LEFT": "غادر",
    "RIGHT": "يمين",
    "X": "X",
    "Y": "ص",
    "L": "إل",
    "R": "ص",
    "Z": "ض",
    "STICK UP": "التصق",
    "STICK DOWN": "التصق اسفل",
    "STICK LEFT": "العصا اليسرى",
    "STICK RIGHT": "العصا لليمين",
    "C-PAD UP": "C-PAD UP",
    "C-PAD DOWN": "C-PAD لأسفل",
    "C-PAD LEFT": "يسار C-PAD",
    "C-PAD RIGHT": "حق C-PAD",
    "MICROPHONE": "ميكروفون",
    "BUTTON 1 / START": "زر 1 / بدء",
    "BUTTON 2": "الزر 2",
    "BUTTON": "زر",
    "LEFT D-PAD UP": "اليسار D-PAD UP",
    "LEFT D-PAD DOWN": "اليسار D-PAD لأسفل",
    "LEFT D-PAD LEFT": "اليسار D-PAD اليسار",
    "LEFT D-PAD RIGHT": "اليسار D-PAD لليمين",
    "RIGHT D-PAD UP": "حق D-PAD UP",
    "RIGHT D-PAD DOWN": "لليمين D-PAD لأسفل",
    "RIGHT D-PAD LEFT": "اليمين D-PAD اليسار",
    "RIGHT D-PAD RIGHT": "حق D-PAD لليمين",
    "C": "ج",
    "MODE": "وضع",
    "FIRE": "نار",
    "RESET": "إعادة ضبط",
    "LEFT DIFFICULTY A": "الصعوبة اليسرى أ",
    "LEFT DIFFICULTY B": "الصعوبة اليسرى ب",
    "RIGHT DIFFICULTY A": "الصعوبة الصحيحة أ",
    "RIGHT DIFFICULTY B": "الصعوبة الصحيحة ب",
    "COLOR": "لون",
    "B/W": "ب / دبليو",
    "PAUSE": "يوقف",
    "OPTION": "خيار",
    "OPTION 1": "الخيار 1",
    "OPTION 2": "الخيار 2",
    "L2": "L2",
    "R2": "R2",
    "L3": "L3",
    "R3": "R3",
    "L STICK UP": "إلصاق",
    "L STICK DOWN": "العصا لأسفل",
    "L STICK LEFT": "L العصا اليسار",
    "L STICK RIGHT": "L العصا لليمين",
    "R STICK UP": "R التصق",
    "R STICK DOWN": "R العصا لأسفل",
    "R STICK LEFT": "R العصا اليسار",
    "R STICK RIGHT": "R العصا لليمين",
    "Start": "يبدأ",
    "Select": "يختار",
    "Fast": "سريع",
    "Slow": "بطيء",
    "a": "أ",
    "b": "ب",
    "c": "ج",
    "d": "د",
    "e": "ه",
    "f": "F",
    "g": "ز",
    "h": "ح",
    "i": "أنا",
    "j": "ي",
    "k": "ك",
    "l": "ل",
    "m": "م",
    "n": "ن",
    "o": "ا",
    "p": "ص",
    "q": "ف",
    "r": "ص",
    "s": "س",
    "t": "ر",
    "u": "ش",
    "v": "الخامس",
    "w": "ث",
    "x": "x",
    "y": "ذ",
    "z": "ض",
    "enter": "يدخل",
    "escape": "يهرب",
    "space": "فضاء",
    "tab": "فاتورة غير مدفوعة",
    "backspace": "مسافة للخلف",
    "delete": "يمسح",
    "arrowup": "السهم",
    "arrowdown": "السهم للاسفل",
    "arrowleft": "السهم",
    "arrowright": "السهم",
    "f1": "و 1",
    "f2": "f2",
    "f3": "f3",
    "f4": "f4",
    "f5": "f5",
    "f6": "و 6",
    "f7": "f7",
    "f8": "و ٨",
    "f9": "و 9",
    "f10": "f10",
    "f11": "و 11",
    "f12": "f12",
    "shift": "يحول",
    "control": "يتحكم",
    "alt": "بديل",
    "meta": "ميتا",
    "capslock": "caps lock",
    "insert": "إدراج",
    "home": "بيت",
    "end": "نهاية",
    "pageup": "pageup",
    "pagedown": "اسفل الصفحة",
    "!": "!",
    "@": "@",
    "#": "#",
    "$": "$",
    "%": "٪",
    "^": "^",
    "&": "&",
    "*": "*",
    "(": "(",
    ")": ")",
    "-": "-",
    "_": "_",
    "+": "+",
    "=": "=",
    "[": "[",
    "]": "]",
    "{": "{",
    "}": "}",
    ";": "؛",
    ":": ":",
    "'": "\"",
    "\"": "\"",
    ",": "و",
    ".": ".",
    "<": "<",
    ">": ">",
    "/": "/",
    "?": "؟",
    "LEFT_STICK_X": "LEFT_STICK_X",
    "LEFT_STICK_Y": "LEFT_STICK_Y",
    "RIGHT_STICK_X": "RIGHT_STICK_X",
    "RIGHT_STICK_Y": "RIGHT_STICK_Y",
    "LEFT_TRIGGER": "الزناد الأيسر",
    "RIGHT_TRIGGER": "الزناد الأيمن",
    "A_BUTTON": "الزر",
    "B_BUTTON": "B_BUTTON",
    "X_BUTTON": "X_BUTTON",
    "Y_BUTTON": "Y_BUTTON",
    "START_BUTTON": "START_BUTTON",
    "SELECT_BUTTON": "حدد زر",
    "L1_BUTTON": "L1_BUTTON",
    "R1_BUTTON": "R1_BUTTON",
    "L2_BUTTON": "L2_BUTTON",
    "R2_BUTTON": "R2_BUTTON",
    "LEFT_THUMB_BUTTON": "LEFT_THUMB_BUTTON",
    "RIGHT_THUMB_BUTTON": "RIGHT_THUMB_BUTTON",
    "DPAD_UP": "DPAD_UP",
    "DPAD_DOWN": "DPAD_DOWN",
    "DPAD_LEFT": "DPAD_LEFT",
    "DPAD_RIGHT": "DPAD_RIGHT"
}
