{
    "0": "0",
    "1": "1",
    "2": "2",
    "3": "3",
    "4": "4",
    "5": "5",
    "6": "6",
    "7": "7",
    "8": "8",
    "9": "9",  
    "10": "10",  
    "11": "11",  
    "12": "12",  
    "13": "13",  
    "14": "14",  
    "15": "15",
    "Restart": "Reset",
    "Pause": "Pausar",
    "Play": "Jogar",
    "Save State": "Armazenar Save State",
    "Load State": "Carregar Save State",
    "Control Settings": "Configurações do Controle",
    "Cheats": "Trapaças",
    "Cache Manager": "Gerenciador de cache",
    "Export Save File": "Armazenar Save State",
    "Import Save File": "Carregar Save State",
    "Netplay": "Netplay",
    "Mute": "Mudo",
    "Unmute": "Desmutar",
    "Settings": "Ajustes",
    "Enter Fullscreen": "Tela cheia",
    "Exit Fullscreen": "Sair da tela cheia",
    "Reset": "Resetar",
    "Clear": "Limpar",
    "Close": "Fechar",
    "QUICK SAVE STATE": "ARMAZENAR SAVE STATE RAPIDAMENTE",
    "QUICK LOAD STATE": "CARREGAR SAVE STATE RAPIDAMENTE",
    "CHANGE STATE SLOT": "TROCAR SLOT DO SAVE STATE",
    "FAST FORWARD": "AVANÇO RÁPIDO",
    "Player": "Jogador",
    "Connected Gamepad": "Controle conectado",
    "Gamepad": "Controle",
    "Keyboard": "Teclado",
    "Set": "Definir",
    "Add Cheat": "Adicionar Trapaça",
    "Create a Room": "Criar uma Sala",
    "Rooms": "Salas",
    "Start Game": "Jogar",
    "Loading...": "Carregando",
    "Download Game Core": "Carregando emulador do videogame",
    "Decompress Game Core": "Descompactando emulador do videogame",
    "Download Game Data": "Carregando dados do jogo",
    "Decompress Game Data": "Descompactando dados do jogo",
    "Shaders": "Sombreamento",
    "Disabled": "Desativado",
    "2xScaleHQ": "2xScaleHQ",
    "4xScaleHQ": "4xScaleHQ",
    "CRT easymode": "CRT easymode",
    "CRT aperture": "CRT aperture",
    "CRT geom": "CRT geom",
    "CRT mattias": "CRT mattias",
    "FPS": "FPS",
    "show": "mostrar",
    "hide": "ocultar",
    "Fast Forward Ratio": "Taxa de avanço rápido",
    "Fast Forward": "Avanço rápido",
    "Enabled": "Ativado",
    "Save State Slot": "Slot do Save State",
    "Save State Location": "Local do Save State",
    "Download": "Download",
    "Keep in Browser": "Manter no Browser",
    "Auto": "Auto",
    "NTSC": "NTSC",
    "PAL": "PAL",
    "Dendy": "Dendy",
    "8:7 PAR": "8:7 PAR",
    "4:3": "4:3",
    "Low": "Baixo",
    "High": "Alto",
    "Very High": "Muito alto",
    "None": "Nenhum",
    "Player 1": "Jogador 1",
    "Player 2": "Jogador 2",
    "Both": "Ambos",
    "SAVED STATE TO SLOT": "SAVE STATE ARMAZENDO NO SLOT",
    "LOADED STATE FROM SLOT": "SAVE STATE CARREGADO DO SLOT",
    "SET SAVE STATE SLOT TO": "SAVE STATE DEFINIDO PARA SLOT",
    "Network Error": "Erro de rede",
    "Submit": "Enviar",
    "Description": "Descrição",
    "Code": "Código",
    "Add Cheat Code": "Adicionar trapaça",
    "Leave Room": "Sair da sala",
    "Password": "Senha",
    "Password (optional)": "Senha (opcional)",
    "Max Players": "Max de Jogadores",
    "Room Name": "Nome da Sala",
    "Join": "Entrar",
    "Player Name": "Nome do Jogador",
    "Set Player Name": "Definir nome do Jogador",
    "Left Handed Mode": "Modo canhoto",
    "Virtual Gamepad": "Controle virtual",
    "Disk": "Disco",
    "Press Keyboard": "Pressione uma tecla",
    "INSERT COIN": "Insira uma ficha",
    "Remove": "Remover",
    "SAVE LOADED FROM BROWSER": "SAVE STATE CARREGADO DO BROWSER",
    "SAVE SAVED TO BROWSER": "SAVE STATE  ARMAZENADO NO BROWSER",
    "Join the discord": "Participar do discord",
    "View on GitHub": "Ver no GitHub",
    "Failed to start game": "Falha ao iniciar o jogo",
    "Download Game BIOS": "Carregando bios do videogame",
    "Decompress Game BIOS": "Descompactando bios do videogame",
    "Download Game Parent": "Carregando arquivo principal do jogo",
    "Decompress Game Parent": "Descompactando arquivo principal do jogo",
    "Download Game Patch": "Carregando Patch do jogo",
    "Decompress Game Patch": "Descompactando Patch do Jogo",
    "Download Game State": "Carregando Save State",
    "Check console": "Verificar videogame",
    "Error for site owner": "Erro para proprietário do site",
    "EmulatorJS": "EmulatorJS",
    "Clear All": "Limpar todos",
    "Take Screenshot": "Capturar tela",
    "Quick Save": "Salvar rapidamente",
    "Quick Load": "Carregar Rapidmente",
    "REWIND": "RETROCEDER",
    "Rewind Enabled (requires restart)": "Camera lenta ativada(Necessário reiniciar)",
    "Rewind Granularity": "Granularidade do retrocesso",
    "Slow Motion Ratio": "Taxa de camera lenta",
    "Slow Motion": "Camera lenta",
    "Home": "Ínicio",
    "EmulatorJS License": "Licença do EmulatorJS",
    "RetroArch License": "Licença do RetroArch",
    "SLOW MOTION": "CAMERA LENTA",
    "A": "A",
    "B": "B",
    "SELECT": "SELECT",
    "START": "START",
    "UP": "CIMA",
    "DOWN": "BAIXO",
    "LEFT": "ESQUERDA",
    "RIGHT": "DIREITA",
    "X": "X",
    "Y": "Y",
    "L": "ESQ",
    "R": "DIR",
    "Z": "Z",
    "STICK UP": "ANALÓGICO - CIMA",
    "STICK DOWN": "ANALÓGICO - BAIXO",
    "STICK LEFT": "ANALÓGICO - ESQUERDA",
    "STICK RIGHT": "ANALÓGICO - DIREITA",
    "C-PAD UP": "DIRECIONAL - CIMA",
    "C-PAD DOWN": "DIRECIONAL - BAIXO",
    "C-PAD LEFT": "DIRECIONAL - ESQUERDA",
    "C-PAD RIGHT": "DIRECIONAL - DIREITA",
    "MICROPHONE": "MICROFONE",
    "BUTTON 1 / START": "BOTÃO 1 / START",
    "BUTTON 2": "BOTÃO 2",
    "BUTTON": "BOTÃO",
    "LEFT D-PAD UP": "DIRECIONAL ESQUERDO - CIMA",
    "LEFT D-PAD DOWN": "DIRECIONAL ESQUERDO - BAIXO",
    "LEFT D-PAD LEFT": "DIRECIONAL ESQUERDO - ESQUERDA",
    "LEFT D-PAD RIGHT": "DIRECIONAL ESQUERDO - DIREITA",
    "RIGHT D-PAD UP": "DIRECIONAL DIREITO - CIMA",
    "RIGHT D-PAD DOWN": "DIRECIONAL DIREITO - BAIXO",
    "RIGHT D-PAD LEFT": "DIRECIONAL DIREITO - ESQUERDA",
    "RIGHT D-PAD RIGHT": "DIRECIONAL DIREITO - DIREITA",
    "C": "C",
    "MODE": "MODO",
    "Mode": "Modo",
    "FIRE": "ATIRA",
    "RESET": "RESET",
    "LEFT DIFFICULTY A": "DIFICULDADE DA ESQUERDA - NÍVEL A",
    "LEFT DIFFICULTY B": "DIFICULDADE DA ESQUERDA - NÍVEL B",
    "RIGHT DIFFICULTY A": "DIFICULDADE DA DIREITA - NÍVEL A",
    "RIGHT DIFFICULTY B": "DIFICULDADE DA DIREITA - NÍVEL B",
    "COLOR": "COLORIDO",
    "B/W": "PRETO E BRANCO",
    "PAUSE": "PAUSAR",
    "OPTION": "OPÇÃO",
    "OPTION 1": "OPÇÃO 1",
    "OPTION 2": "OPÇÃO 2",
    "L2": "ESQ 2",
    "R2": "DIR 2",
    "L3": "ESQ 3",
    "R3": "DIR 3",
    "L STICK UP": "ANALÓGICO ESQ - CIMA",
    "L STICK DOWN": "ANALÓGICO ESQ - BAIXO",
    "L STICK LEFT": "ANALÓGICO ESQ - ESQUERDA",
    "L STICK RIGHT": "ANALÓGICO ESQ -DIREITA",
    "R STICK UP": "ANALÓGICO DIR - CIMA",
    "R STICK DOWN": "ANALÓGICO DIR - BAIXO",
    "R STICK LEFT": "ANALÓGICO DIR - ESQUERDA",
    "R STICK RIGHT": "ANALÓGICO DIR - DIREITA",
    "Start": "Start",
    "Select": "Select",
    "Fast": "Rápido",
    "Slow": "Lento",
    "a": "a",
    "b": "b",
    "c": "c",
    "d": "d",
    "e": "e",
    "f": "f",
    "g": "g",
    "h": "h",
    "i": "i",
    "j": "j",
    "k": "k",
    "l": "l",
    "m": "m",
    "n": "n",
    "o": "o",
    "p": "p",
    "q": "q",
    "r": "r",
    "s": "s",
    "t": "t",
    "u": "u",
    "v": "v",
    "w": "c",
    "x": "x",
    "y": "y",
    "z": "z",
    "enter": "enter",
    "escape": "esc",
    "space": "espaço",
    "tab": "tab",
    "backspace": "retorna",
    "delete": "delete",
    "arrowup": "seta para cima",
    "arrowdown": "seta para baixo",
    "arrowleft": "seta para a esquerda",
    "arrowright": "seta para a direita",
    "f1": "f1",
    "f2": "f2",
    "f3": "f3",
    "f4": "f4",
    "f5": "f5",
    "f6": "f6",
    "f7": "f7",
    "f8": "f8",
    "f9": "f9",
    "f10": "f10",
    "f11": "f11",
    "f12": "f12",
    "shift": "shift",
    "control": "control",
    "alt": "alt",
    "meta": "meta",
    "capslock": "Caps Lock",
    "insert": "inserir",
    "home": "home",
    "end": "end",
    "pageup": "subir página",
    "pagedown": "descer  página",
    "!": "!",
    "@": "@",
    "#": "#",
    "$": "$",
    "%": "%",
    "^": "^",
    "&": "&",
    "*": "*",
    "(": "(",
    ")": ")",
    "-": "-",
    "_": "_",
    "+": "+",
    "=": "=",
    "[": "[",
    "]": "]",
    "{": "{",
    "}": "}",
    ";": ";",
    ":": ":",
    "'": "'",
    "\"": "\"",
    ",": ",",
    ".": ".",
    "<": "<",
    ">": ">",
    "/": "/",
    "?": "?",
    "LEFT_STICK_X": "ANALÓGICO ESQUERDO - EIXO HORIZONTAL",
    "LEFT_STICK_Y": "ANALÓGICO ESQUERDO - EIXO VERTICAL",
    "RIGHT_STICK_X": "ANALÓGICO DIREITO - EIXO HORIZONTAL",
    "RIGHT_STICK_Y": "ANALÓGICO DIREITO - EIXO VERTICAL",
    "LEFT_TRIGGER": "GATILHO ESQUERDO",
    "RIGHT_TRIGGER": "GATILHO ESQUERDO",
    "A_BUTTON": "BOTÃO A",
    "B_BUTTON": "BOTÃO B",
    "X_BUTTON": "BOTÃO X",
    "Y_BUTTON": "BOTÃO Y",
    "START_BUTTON": "BOTÃO START",
    "SELECT_BUTTON": "BOTÃO SELECT",
    "L1_BUTTON": "BOTÃO ESQ 1",
    "R1_BUTTON": "BOTÃO DIR 1",
    "L2_BUTTON": "BOTÃO ESQ 2",
    "R2_BUTTON": "BOTÃO DIR 2",
    "LEFT_THUMB_BUTTON": "BOTÃO DO ANALÓGICO ESQUERDO",
    "RIGHT_THUMB_BUTTON": "BOTÃO DO ANALÓGICO DIREITO",
    "DPAD_UP": "DIRECIONAL - CIMA",
    "DPAD_DOWN": "DIRECIONAL - BAIXO",
    "DPAD_LEFT": "DIRECIONAL - ESQUERDA",
    "DPAD_RIGHT": "DIRECIONAL - DIREITA",
    "genesis plus gx frameskip threshold": "genesis plus gx - limite de pulo de quadros",
    "genesis plus gx lowpass range": "genesis plus gx - alcance do passa-baixa",
    "genesis plus gx psg preamp": "genesis plus gx - psg pré-amplificador",
    "genesis plus gx fm preamp": "genesis plus gx -  pré-amplificador fm",
    "genesis plus gx cdda volume": "genesis plus gx - cdda volume",
    "genesis plus gx pcm volume": "genesis plus gx - pcm volume",
    "genesis plus gx audio eq low": "genesis plus gx - eq áudio baixo",
    "genesis plus gx audio eq mid": "genesis plus gx - eq áudio medio",
    "genesis plus gx audio eq high": "genesis plus gx - eq áudio alto",
    "genesis plus gx enhanced vscroll limit": "genesis plus gx - limite de rolagem vertical aprimorada",
    "genesis plus gx psg channel 0 volume": "genesis plus gx - psg channel 0 volume",
    "genesis plus gx psg channel 1 volume": "genesis plus gx - psg channel 1 volume",
    "genesis plus gx psg channel 2 volume": "genesis plus gx - psg channel 2 volume",
    "genesis plus gx psg channel 3 volume": "genesis plus gx - psg channel 3 volume",
    "genesis plus gx md channel 0 volume": "genesis plus gx - md channel 0 volume",
    "genesis plus gx md channel 1 volume": "genesis plus gx - md channel 1 volume",
    "genesis plus gx md channel 2 volume": "genesis plus gx - md channel 2 volume",
    "genesis plus gx md channel 3 volume": "genesis plus gx - md channel 3 volume",
    "genesis plus gx md channel 4 volume": "genesis plus gx - md channel 4 volume",
    "genesis plus gx md channel 5 volume": "genesis plus gx - md channel 5 volume",
    "genesis plus gx sms fm channel 0 volume": "genesis plus gx - sms fm channel 0 volume",
    "genesis plus gx sms fm channel 1 volume": "genesis plus gx - sms fm channel 1 volume",
    "genesis plus gx sms fm channel 2 volume": "genesis plus gx - sms fm channel 2 volume",
    "genesis plus gx sms fm channel 3 volume": "genesis plus gx - sms fm channel 3 volume",
    "genesis plus gx sms fm channel 4 volume": "genesis plus gx - sms fm channel 4 volume",
    "genesis plus gx sms fm channel 5 volume": "genesis plus gx - sms fm channel 5 volume",
    "genesis plus gx sms fm channel 6 volume": "genesis plus gx - sms fm channel 6 volume",
    "genesis plus gx sms fm channel 7 volume": "genesis plus gx - sms fm channel 7 volume",
    "genesis plus gx sms fm channel 8 volume": "genesis plus gx - sms fm channel 8 volume",
    "stella2014 stelladaptor analog sensitivity": "stella2014 - Sensibilidade do Analógico",
    "stella2014 stelladaptor analog center": "stella2014 - Centro do Analógico",
    "1.0x (12.50Mhz)": "1.0x (12.50Mhz)",
    "1.1x (13.75Mhz)": "1.1x (13.75Mhz)",
    "1.2x (15.00Mhz)": "1.2x (15.00Mhz)",
    "1.5x (18.75Mhz)": "1.5x (18.75Mhz)",
    "1.6x (20.00Mhz)": "1.6x (20.00Mhz)",
    "1.8x (22.50Mhz)": "1.8x (22.50Mhz)",
    "2.0x (25.00Mhz)": "2.0x (25.00Mhz)",
    "opera cpu overclock": "Overclock do cpu Opera",
    "0RGB1555": "0RGB1555",
    "RGB565": "RGB565",
    "XRGB8888": "XRGB8888",
    "opera vdlp pixel format": "Formato vdlp do pixel Opera",
    "opera nvram version": "Versão da nvram do Opera",
    "opera active devices": "Dispositivos Opera ativados",
    "pcsx rearmed psxclock": "pcsx rearmed - psxclock",
    "pcsx rearmed frameskip threshold": "pcsx rearmed - limite de pulo de quadros",
    "pcsx rearmed frameskip interval": "pcsx rearmed - intervalo de pulo de quadros",
    "pcsx rearmed input sensitivity": "pcsx rearmed - sensibilidade de entrada",
    "pcsx rearmed gunconadjustx": "pcsx rearmed - gunconadjustx",
    "pcsx rearmed gunconadjusty": "pcsx rearmed - gunconadjusty",
    "pcsx rearmed gunconadjustratiox": "pcsx rearmed - gunconadjustratiox",
    "pcsx rearmed gunconadjustratioy": "pcsx rearmed - gunconadjustratioy"
}
