{
    "0": "0",
    "1": "1",
    "2": "2",
    "3": "3",
    "4": "4",
    "5": "5",
    "6": "6",
    "7": "7",
    "8": "8",
    "9": "9",
    "Restart": "Перезапустить",
    "Pause": "Пауза",
    "Play": "Играть",
    "Save State": "Сохранить состояние",
    "Load State": "Загрузить состояние",
    "Control Settings": "Настройки управления",
    "Cheats": "Читы",
    "Cache Manager": "Управление кешем",
    "Export Save File": "Экспорт файла сохранения",
    "Import Save File": "Импорт файла сохранения",
    "Netplay": "Сетевая игра",
    "Mute": "Выключить звук",
    "Unmute": "Включить звук",
    "Settings": "Настройки",
    "Enter Fullscreen": "Перейти в полноэкранный режим",
    "Exit Fullscreen": "Выйти из полноэкранного режима",
    "Reset": "Сбросить",
    "Clear": "Очистить",
    "Close": "Закрыть",
    "QUICK SAVE STATE": "БЫСТРОЕ СОХРАНЕНИЕ СОСТОЯНИЯ",
    "QUICK LOAD STATE": "БЫСТРАЯ ЗАГРУЗКА СОСТОЯНИЯ",
    "CHANGE STATE SLOT": "ИЗМЕНИТЬ СЛОТ СОСТОЯНИЯ",
    "FAST FORWARD": "ПЕРЕМОТКА ВПЕРЕД",
    "Player": "Игрок",
    "Connected Gamepad": "Подключенный геймпад",
    "Gamepad": "Геймпад",
    "Keyboard": "Клавиатура",
    "Set": "Установить",
    "Add Cheat": "Добавить чит",
    "Create a Room": "Создать комнату",
    "Rooms": "Комнаты",
    "Start Game": "Начать игру",
    "Loading...": "Загрузка...",
    "Download Game Core": "Скачивание игрового ядра",
    "Decompress Game Core": "Распаковка игрового ядра",
    "Download Game Data": "Скачивание игровых данных",
    "Decompress Game Data": "Распаковка игровых данных",
    "Shaders": "Шейдеры",
    "Disabled": "Отключено",
    "2xScaleHQ": "Масштаб 2x HQ",
    "4xScaleHQ": "Масштаб 4x HQ",
    "CRT easymode": "ЭЛТ easymode",
    "CRT aperture": "ЭЛТ aperture",
    "CRT geom": "ЭЛТ geom",
    "CRT mattias": "ЭЛТ matias",
    "FPS": "FPS",
    "show": "Показать",
    "hide": "Скрыть",
    "Fast Forward Ratio": "Скорость перемотки вперед",
    "Fast Forward": "Перемотка вперед",
    "Enabled": "Включено",
    "Save State Slot": "Слот сохранения состояния",
    "Save State Location": "Расположение сохраненного состояния",
    "Download": "Скачать",
    "Keep in Browser": "Сохранить в браузере",
    "Auto": "Авто",
    "NTSC": "NTSC",
    "PAL": "PAL",
    "Dendy": "Денди",
    "8:7 PAR": "8:7 PAR",
    "4:3": "4:3",
    "Low": "Низко",
    "High": "Высоко",
    "Very High": "Очень высоко",
    "None": "Ничего",
    "Player 1": "Игрок 1",
    "Player 2": "Игрок 2",
    "Both": "Оба",
    "SAVED STATE TO SLOT": "СОСТОЯНИЕ СОХРАНЕНО В СЛОТ",
    "LOADED STATE FROM SLOT": "СОСТОЯНИЕ ЗАГРУЖЕНО ИЗ СЛОТА",
    "SET SAVE STATE SLOT TO": "СЛОТ СОСТОЯНИЯ УСТАНОВЛЕН В",
    "Network Error": "Ошибка сети",
    "Submit": "Отправить",
    "Description": "Описание",
    "Code": "Код",
    "Add Cheat Code": "Добавить чит-код",
    "Leave Room": "Покинуть комнату",
    "Password": "Пароль",
    "Password (optional)": "Пароль (необязательно)",
    "Max Players": "Максимум игроков",
    "Room Name": "Название комнаты",
    "Join": "Присоединиться",
    "Player Name": "Имя игрока",
    "Set Player Name": "Установить имя игрока",
    "Left Handed Mode": "Режим для левши",
    "Virtual Gamepad": "Виртуальный геймпад",
    "Disk": "Диск",
    "Press Keyboard": "Нажмите кнопку на клавиатуре",
    "INSERT COIN": "ВСТАВЬТЕ МОНЕТУ",
    "Remove": "Удалить",
    "SAVE LOADED FROM BROWSER": "ЗАГРУЖЕНО ИЗ БРАУЗЕРА",
    "SAVE SAVED TO BROWSER": "СОХРАНЕНО В БРАУЗЕРЕ",
    "Join the discord": "Присоединяйтесь к discord",
    "View on GitHub": "Посмотреть на GitHub",
    "Failed to start game": "Не удалось запустить игру",
    "Download Game BIOS": "Скачивание игрового BIOS",
    "Decompress Game BIOS": "Распаковка игрового BIOS",
    "Download Game Parent": "Скачивание дополнительных файлов игры",
    "Decompress Game Parent": "Распаковка дополнительных файлов игры",
    "Download Game Patch": "Скачивание патча для игры",
    "Decompress Game Patch": "Распаковка патча для игры",
    "Download Game State": "Скачивание состояния игры",
    "Check console": "Проверьте консоль",
    "Error for site owner": "Ошибка для владельца сайта",
    "EmulatorJS": "EmulatorJS",
    "Clear All": "Очистить все",
    "Take Screenshot": "Сделать снимок экрана",
    "Quick Save": "Быстрое сохранение",
    "Quick Load": "Быстрая загрузка",
    "REWIND": "ПЕРЕМОТКА НАЗАД",
    "Rewind Enabled (requires restart)": "Включить перемотку назад (требуется перезапуск)",
    "Rewind Granularity": "Скорость перемотки назад",
    "Slow Motion Ratio": "Коэффициент замедления",
    "Slow Motion": "Замедление",
    "Home": "Домой",
    "EmulatorJS License": "Лицензия EmulatorJS",
    "RetroArch License": "Лицензия RetroArch",
    "SLOW MOTION": "ЗАМЕДЛЕННИЕ",
    "A": "A",
    "B": "B",
    "SELECT": "SELECT",
    "START": "START",
    "UP": "ВВЕРХ",
    "DOWN": "ВНИЗ",
    "LEFT": "ВЛЕВО",
    "RIGHT": "ВПРАВО",
    "X": "X",
    "Y": "Y",
    "L": "L",
    "R": "R",
    "Z": "Z",
    "STICK UP": "СТИК ВВЕРХ",
    "STICK DOWN": "СТИК ВНИЗ",
    "STICK LEFT": "СТИК ВЛЕВО",
    "STICK RIGHT": "СТИК ВПРАВО",
    "C-PAD UP": "C-PAD ВВЕРХ",
    "C-PAD DOWN": "C-PAD ВНИЗ",
    "C-PAD LEFT": "C-PAD ВЛЕВО",
    "C-PAD RIGHT": "C-PAD ВПРАВО",
    "MICROPHONE": "МИКРОФОН",
    "BUTTON 1 / START": "BUTTON 1 / START",
    "BUTTON 2": "BUTTON 2",
    "BUTTON": "КНОПКА",
    "LEFT D-PAD UP": "ЛЕВЫЙ D-PAD ВВЕРХ",
    "LEFT D-PAD DOWN": "ЛЕВЫЙ D-PAD ВНИЗ",
    "LEFT D-PAD LEFT": "ЛЕВЫЙ D-PAD ВЛЕВО",
    "LEFT D-PAD RIGHT": "ЛЕВЫЙ D-PAD ВПРАВО",
    "RIGHT D-PAD UP": "ПРАВЫЙ D-PAD ВВЕРХ",
    "RIGHT D-PAD DOWN": "ПРАВЫЙ D-PAD ВНИЗ",
    "RIGHT D-PAD LEFT": "ПРАВЫЙ D-PAD ВЛЕВО",
    "RIGHT D-PAD RIGHT": "ПРАВЫЙ D-PAD ВПРАВО",
    "C": "С",
    "MODE": "MODE",
    "FIRE": "ОГОНЬ",
    "RESET": "СБРОС",
    "LEFT DIFFICULTY A": "ЛЕВАЯ СЛОЖНОСТЬ А",
    "LEFT DIFFICULTY B": "ЛЕВАЯ СЛОЖНОСТЬ B",
    "RIGHT DIFFICULTY A": "ПРАВАЯ СЛОЖНОСТЬ A",
    "RIGHT DIFFICULTY B": "ПРАВАЯ СЛОЖНОСТЬ B",
    "COLOR": "COLOR",
    "B/W": "B/W",
    "PAUSE": "PAUSE",
    "OPTION": "OPTION",
    "OPTION 1": "OPTION 1",
    "OPTION 2": "OPTION 2",
    "L2": "L2",
    "R2": "R2",
    "L3": "L3",
    "R3": "R3",
    "L STICK UP": "ЛЕЫЙ СТИК ВВЕРХ",
    "L STICK DOWN": "ЛЕЫЙ СТИК ВНИЗ",
    "L STICK LEFT": "ЛЕЫЙ СТИК ВЛЕВО",
    "L STICK RIGHT": "ЛЕЫЙ СТИК ВПРАВО",
    "R STICK UP": "ПРАВЫЙ СТИК ВВЕРХ",
    "R STICK DOWN": "ПРАВЫЙ СТИК ВНИЗ",
    "R STICK LEFT": "ПРАВЫЙ СТИК ВЛЕВО",
    "R STICK RIGHT": "ПРАВЫЙ СТИК ВПРАВО",
    "Start": "Start",
    "Select": "Select",
    "Fast": "Fast",
    "Slow": "Slow",
    "a": "a",
    "b": "b",
    "c": "c",
    "d": "d",
    "e": "e",
    "f": "f",
    "g": "g",
    "h": "h",
    "i": "i",
    "j": "j",
    "k": "k",
    "l": "l",
    "m": "m",
    "n": "n",
    "o": "o",
    "p": "p",
    "q": "q",
    "r": "r",
    "s": "s",
    "t": "t",
    "u": "u",
    "v": "v",
    "w": "w",
    "x": "x",
    "y": "y",
    "z": "z",
    "enter": "Ввод",
    "escape": "Esc",
    "space": "Пробел",
    "tab": "Tab",
    "backspace": "Backspace",
    "delete": "Del",
    "arrowup": "Стрелка вверх",
    "arrowdown": "Стрелка вниз",
    "arrowleft": "Стрелка влево",
    "arrowright": "Стрелка вправо",
    "f1": "F1",
    "f2": "F2",
    "f3": "F3",
    "f4": "F4",
    "f5": "F5",
    "f6": "F6",
    "f7": "F7",
    "f8": "F8",
    "f9": "F9",
    "f10": "F10",
    "f11": "F11",
    "f12": "F12",
    "shift": "Shift",
    "control": "Ctrl",
    "alt": "Alt",
    "meta": "Meta",
    "capslock": "Caps Lock",
    "insert": "Insert",
    "home": "Home",
    "end": "End",
    "pageup": "PgUp",
    "pagedown": "PgDown",
    "!": "!",
    "@": "@",
    "#": "#",
    "$": "$",
    "%": "%",
    "^": "^",
    "&": "&",
    "*": "*",
    "(": "(",
    ")": ")",
    "-": "-",
    "_": "_",
    "+": "+",
    "=": "\"=\"",
    "[": "[",
    "]": "]",
    "{": "{",
    "}": "}",
    ";": ";",
    ":": ":",
    "'": "'",
    "\"": "\"",
    ",": ",",
    ".": ".",
    "<": "<",
    ">": ">",
    "/": "/",
    "?": "?",
    "LEFT_STICK_X": "ЛЕВЫЙ_СТИК_X",
    "LEFT_STICK_Y": "ЛЕВЫЙ_СТИК_Y",
    "RIGHT_STICK_X": "ПРАВЫЙ_СТИК_X",
    "RIGHT_STICK_Y": "ПРАВЫЙ_СТИК_Y",
    "LEFT_TRIGGER": "ЛЕВЫЙ_ТРИГГЕР",
    "RIGHT_TRIGGER": "ПРАВЫЙ_ТРИГГЕР",
    "A_BUTTON": "КНОПКА_A",
    "B_BUTTON": "КНОПКА_B",
    "X_BUTTON": "КНОПКА_X",
    "Y_BUTTON": "КНОПКА_Y",
    "START_BUTTON": "КНОПКА_START",
    "SELECT_BUTTON": "КНОПКА_SELECT",
    "L1_BUTTON": "КНОПКА_L1",
    "R1_BUTTON": "КНОПКА_R1",
    "L2_BUTTON": "КНОПКА_L2",
    "R2_BUTTON": "КНОПКА_R2",
    "LEFT_THUMB_BUTTON": "ЛЕВАЯ_КНОПКА_БП",
    "RIGHT_THUMB_BUTTON": "ПРАВАЯ_КНОПКА_БП",
    "DPAD_UP": "DPAD_ВВЕРХ",
    "DPAD_DOWN": "DPAD_ВНИЗ",
    "DPAD_LEFT": "DPAD_ВЛЕВО",
    "DPAD_RIGHT": "DPAD_СПРАВО"
}
