{
  "0": "0",
  "1": "1",
  "2": "2",
  "3": "3",
  "4": "4",
  "5": "5",
  "6": "6",
  "7": "7",
  "8": "8",
  "9": "9",
  "Restart": "Baştan Başlat",
  "Pause": "Durdur",
  "Play": "Başlat",
  "Save State": "Durumu Kaydet",
  "Load State": "Durumu Yükle",
  "Control Settings": "Kontrol Ayarları",
  "Cheats": "Hileler",
  "Cache Manager": "Önbellek Yöneticisi",
  "Export Save File": "Kayıt Dosyasını Dışa Aktar",
  "Import Save File": "Kayıt Dosyasını İçe Aktar",
  "Netplay": "Çevrimiçi Oynama",
  "Mute": "Sessize Al",
  "Unmute": "Sesi Geri Aç",
  "Settings": "Ayarlar",
  "Enter Fullscreen": "Tam Ekrana Geç",
  "Exit Fullscreen": "Tam Ekrandan Çık",
  "Context Menu": "Bağlamsal Menü",
  "Reset": "Sıfırla",
  "Clear": "Temizle",
  "Close": "Kapat",
  "QUICK SAVE STATE": "DURUMU HIZLI KAYDET",
  "QUICK LOAD STATE": "DURUMU HIZLI YÜKLE",
  "CHANGE STATE SLOT": "DURUM SLOTUNU DEĞİŞTİR",
  "FAST FORWARD": "İLERİ SAR",
  "Player": "Oyuncu",
  "Connected Gamepad": "Bağlı Olan Oyun Kolu",
  "Gamepad": "Oyun Kolu",
  "Keyboard": "Klavye",
  "Set": "Ayarla",
  "Add Cheat": "Hile Ekle",
  "Note that some cheats require a restart to disable": "Not: Bazı hileleri devre dışı bırakmak, tekrardan başlatmayı gerektirebilir.",
  "Create a Room": "Bir Oda Oluştur",
  "Rooms": "Odalar",
  "Start Game": "Oyunu Başlar",
  "Click to resume Emulator": "Emülatörü devam ettirmek için tıklayınız",
  "Drop save state here to load": "Durum kayıt dosyanızı buraya sürükleyerek yükleyiniz",
  "Loading...": "Yükleniyor...",
  "Download Game Core": "Oyun Çekirdeği İndiriliyor",
  "Outdated graphics driver": "Güncel olmayan grafik sürücüsü tespit edildi",
  "Decompress Game Core": "Sıkıştırılmış Oyun Çekirdeği Açılıyor",
  "Download Game Data": "Oyun Verisi İndiriliyor",
  "Decompress Game Data": "Sıkıştırılmış Oyun Verisi Açılıyor",
  "Shaders": "Tonlayıcılar",
  "Disabled": "Devre Dışı",
  "2xScaleHQ": "2xScaleHQ",
  "4xScaleHQ": "4xScaleHQ",
  "CRT easymode": "CRT easymode",
  "CRT aperture": "CRT aperture",
  "CRT geom": "CRT geom",
  "CRT mattias": "CRT mattias",
  "FPS": "FPS",
  "show": "göster",
  "hide": "gizle",
  "Fast Forward Ratio": "İleri Sarma Oranı",
  "Fast Forward": "İleri Sar",
  "Enabled": "Aktif",
  "Save State Slot": "Durum Kayıt Slotu",
  "Save State Location": "Durum Kayıt Lokasyonu",
  "Download": "İndir",
  "Keep in Browser": "Tarayıcıda Tut",
  "Auto": "Otomatik",
  "NTSC": "NTSC",
  "PAL": "PAL",
  "Dendy": "Dendy",
  "8:7 PAR": "8:7 PAR",
  "4:3": "4:3",
  "Low": "Düşük",
  "High": "Yüksek",
  "Very High": "Çok Yüksek",
  "None": "Hiçbiri",
  "Player 1": "Oyuncu 1",
  "Player 2": "Oyuncu 2",
  "Both": "Her İkisi De",
  "SAVED STATE TO SLOT": "DURUM SLOTA KAYDEDİLDİ",
  "LOADED STATE FROM SLOT": "SLOTTAN DURUM YÜKLENDİ",
  "SET SAVE STATE SLOT TO": "DURUM KAYIT SLOTU DEĞİŞTİRİLDİ",
  "Network Error": "Ağ Hatası",
  "Submit": "Gönder",
  "Description": "Açıklama",
  "Code": "Kod",
  "Add Cheat Code": "Hile Kodu Ekle",
  "Leave Room": "Odadan Çık",
  "Password": "Parola",
  "Password (optional)": "Parola (opsiyonel)",
  "Max Players": "Maksimum Oyuncu Sayısı",
  "Room Name": "Oda İsmi",
  "Join": "Katıl",
  "Player Name": "Oyuncu İsmi",
  "Set Player Name": "Oyuncu İsmini Ayarla",
  "Left Handed Mode": "Sol El Modu",
  "Virtual Gamepad": "Sanal Oyun Kolu",
  "Disk": "Disk",
  "Press Keyboard": "Klavyeye Basın",
  "INSERT COIN": "JETON ATINIZ",
  "Remove": "Kaldır",
  "SAVE LOADED FROM BROWSER": "KAYIT TARAYICIDAN YÜKLENDİ",
  "SAVE SAVED TO BROWSER": "KAYIT TARAYICIYA KAYDEDİLDİ",
  "Join the discord": "Discord'a katıl",
  "View on GitHub": "Github'da görüntüler",
  "Failed to start game": "Oyun başlatılamadı",
  "Download Game BIOS": "Oyun BIOS'unu İndir",
  "Decompress Game BIOS": "Sıkıştırılmış Oyun BIOS'unu Aç",
  "Download Game Parent": "Oyun Ek Dosyalarını İndir",
  "Decompress Game Parent": "Sıkıştırılmış Oyun Ek Dosyalarını Aç",
  "Download Game Patch": "Oyun Yamasını İndir",
  "Decompress Game Patch": "Sıkıştırılmış Oyun Yamasını Aç",
  "Download Game State": "Oyun Durumunu İndir",
  "Check console": "Konsolu kontrol et",
  "Error for site owner": "Site sahibi için hata",
  "EmulatorJS": "EmulatorJS",
  "Clear All": "Hepsini Temizle",
  "Take Screenshot": "Ekran Görüntüsü Al",
  "Start Screen Recording": "Ekran kaydı başlat",
  "Stop Screen Recording": "Ekran kaydını durdur",
  "Quick Save": "Hızlı Kaydet",
  "Quick Load": "Hızlı Yükle",
  "REWIND": "GERİ SAR",
  "Rewind Enabled (requires restart)": "Geri Sarma Aktive Edildi (tekrardan başlatma gerektirir)",
  "Rewind Granularity": "Geri Sarma Hassasiyeti",
  "Slow Motion Ratio": "Ağır Çekim Oranı",
  "Slow Motion": "Ağır Çekim",
  "Home": "Anasayfa",
  "EmulatorJS License": "EmulatorJS Lisansı",
  "RetroArch License": "RetroArch Lisansı",
  "This project is powered by": "Bu proje şununla geliştirildi:",
  "View the RetroArch license here": "RetroArch lisansını buradan görüntüleyebilirsiniz",
  "SLOW MOTION": "AĞIR ÇEKİM",
  "A": "A",
  "B": "B",
  "SELECT": "SEÇ",
  "START": "BAŞLAT",
  "UP": "YUKARI",
  "DOWN": "AŞAĞI",
  "LEFT": "SOL",
  "RIGHT": "SAĞ",
  "X": "X",
  "Y": "Y",
  "L": "L",
  "R": "R",
  "Z": "Z",
  "STICK UP": "ANALOG YUKARI",
  "STICK DOWN": "ANALOG AŞAĞI",
  "STICK LEFT": "ANALOG SOL",
  "STICK RIGHT": "ANALOG SAĞ",
  "C-PAD UP": "C-PAD YUKARI",
  "C-PAD DOWN": "C-PAD AŞAĞI",
  "C-PAD LEFT": "C-PAD SOL",
  "C-PAD RIGHT": "C-PAD SAĞ",
  "MICROPHONE": "MİKROFON",
  "BUTTON 1 / START": "BUTON 1 / START",
  "BUTTON 2": "BUTON 2",
  "BUTTON": "BUTON",
  "LEFT D-PAD UP": "SOL D-PAD YUKARI",
  "LEFT D-PAD DOWN": "SOL D-PAD AŞAĞI",
  "LEFT D-PAD LEFT": "SOL D-PAD SOL",
  "LEFT D-PAD RIGHT": "SOL D-PAD SAĞ",
  "RIGHT D-PAD UP": "SAĞ D-PAD YUKARI",
  "RIGHT D-PAD DOWN": "SAĞ D-PAD AŞAĞI",
  "RIGHT D-PAD LEFT": "SAĞ D-PAD SOL",
  "RIGHT D-PAD RIGHT": "SAĞ D-PAD SAĞ",
  "C": "C",
  "MODE": "MOD",
  "FIRE": "ATEŞ",
  "RESET": "SIFIRLA",
  "LEFT DIFFICULTY A": "SOL ZORLUK A",
  "LEFT DIFFICULTY B": "SOL ZORLUK B",
  "RIGHT DIFFICULTY A": "SAĞ ZORLUK A",
  "RIGHT DIFFICULTY B": "SAĞ ZORLUK B",
  "COLOR": "RENK",
  "B/W": "Siyah/Beyaz",
  "PAUSE": "DURDUR",
  "OPTION": "AYAR",
  "OPTION 1": "AYAR 1",
  "OPTION 2": "AYAR 2",
  "L2": "L2",
  "R2": "R2",
  "L3": "L3",
  "R3": "R3",
  "L STICK UP": "SOL-ANALOG YUKARI",
  "L STICK DOWN": "SOL-ANALOG AŞAĞI",
  "L STICK LEFT": "SOL-ANALOG SOL",
  "L STICK RIGHT": "SOL-ANALOG SAĞ",
  "R STICK UP": "SAĞ-ANALOG YUKARI",
  "R STICK DOWN": "SAĞ-ANALOG AŞAĞI",
  "R STICK LEFT": "SAĞ-ANALOG SOL",
  "R STICK RIGHT": "SAĞ-ANALOG SAĞ",
  "Start": "Başlat",
  "Select": "Seç",
  "Fast": "Hızlı",
  "Slow": "Yavaş",
  "a": "a",
  "b": "b",
  "c": "c",
  "d": "d",
  "e": "e",
  "f": "f",
  "g": "g",
  "h": "h",
  "i": "i",
  "j": "j",
  "k": "k",
  "l": "l",
  "m": "m",
  "n": "n",
  "o": "o",
  "p": "p",
  "q": "q",
  "r": "r",
  "s": "s",
  "t": "t",
  "u": "u",
  "v": "v",
  "w": "w",
  "x": "x",
  "y": "y",
  "z": "z",
  "enter": "enter",
  "escape": "esc",
  "space": "boşluk",
  "tab": "tab",
  "backspace": "backspace",
  "delete": "delete",
  "arrowup": "yukarı_ok",
  "arrowdown": "aşağı_ok",
  "arrowleft": "sol_ok",
  "arrowright": "sağ_ok",
  "f1": "f1",
  "f2": "f2",
  "f3": "f3",
  "f4": "f4",
  "f5": "f5",
  "f6": "f6",
  "f7": "f7",
  "f8": "f8",
  "f9": "f9",
  "f10": "f10",
  "f11": "f11",
  "f12": "f12",
  "shift": "shift",
  "control": "ctrl",
  "alt": "alt",
  "meta": "meta",
  "capslock": "capslock",
  "insert": "insert",
  "home": "home",
  "end": "end",
  "pageup": "pageup",
  "pagedown": "pagedown",
  "!": "!",
  "@": "@",
  "#": "#",
  "$": "$",
  "%": "%",
  "^": "^",
  "&": "&",
  "*": "*",
  "(": "(",
  ")": ")",
  "-": "-",
  "_": "_",
  "+": "+",
  "=": "=",
  "[": "[",
  "]": "]",
  "{": "{",
  "}": "}",
  ";": ";",
  ":": ":",
  "'": "'",
  "\"": "\"",
  ",": ",",
  ".": ".",
  "<": "<",
  ">": ">",
  "/": "/",
  "?": "?",
  "LEFT_STICK_X": "SOL_ANALOG_X",
  "LEFT_STICK_Y": "SOL_ANALOG_Y",
  "RIGHT_STICK_X": "SAĞ_ANALOG_X",
  "RIGHT_STICK_Y": "SAĞ_ANALOG_Y",
  "LEFT_TRIGGER": "SOL_TETİK",
  "RIGHT_TRIGGER": "SAĞ_TETİK",
  "A_BUTTON": "A_BUTONU",
  "B_BUTTON": "B_BUTONU",
  "X_BUTTON": "X_BUTONU",
  "Y_BUTTON": "Y_BUTONU",
  "START_BUTTON": "BAŞLAT_BUTONU",
  "SELECT_BUTTON": "SEÇ_BUTONU",
  "L1_BUTTON": "L1_BUTONU",
  "R1_BUTTON": "R1_BUTONU",
  "L2_BUTTON": "L2_BUTONU",
  "R2_BUTTON": "R2_BUTONU",
  "LEFT_THUMB_BUTTON": "SOL_ANALOG_BUTONU",
  "RIGHT_THUMB_BUTTON": "SAĞ_ANALOG_BUTONU",
  "DPAD_UP": "DPAD_YUKARI",
  "DPAD_DOWN": "DPAD_AŞAĞI",
  "DPAD_LEFT": "DPAD_SOL",
  "DPAD_RIGHT": "DPAD_SAĞ"
}
