{
    "0": "0",
    "1": "1",
    "2": "2",
    "3": "3",
    "4": "4",
    "5": "5",
    "6": "6",
    "7": "7",
    "8": "8",
    "9": "9",
    "Restart": "重新开始",
    "Pause": "暂停",
    "Play": "开始",
    "Save State": "保存状态",
    "Load State": "读取状态",
    "Control Settings": "控制设置",
    "Cheats": "作弊",
    "Cache Manager": "缓存管理器",
    "Export Save File": "导出存档文件",
    "Import Save File": "导入存档文件",
    "Netplay": "网络游戏",
    "Mute": "静音",
    "Unmute": "取消静音",
    "Settings": "设置",
    "Enter Fullscreen": "进入全屏",
    "Exit Fullscreen": "退出全屏",
    "Context Menu": "上下文菜单",
    "Reset": "重置",
    "Clear": "清除",
    "Close": "关闭",
    "QUICK SAVE STATE": "快速保存状态",
    "QUICK LOAD STATE": "快速读取状态",
    "CHANGE STATE SLOT": "更改状态档位",
    "FAST FORWARD": "快进",
    "SLOW MOTION": "慢动作",
    "Player": "玩家",
    "Connected Gamepad": "已连接的游戏手柄",
    "Gamepad": "游戏手柄",
    "Keyboard": "键盘",
    "Set": "设置",
    "Add Cheat": "添加作弊",
    "Note that some cheats require a restart to disable": "请注意，某些作弊功能需要重新启动才能禁用",
    "Create a Room": "创建房间",
    "Rooms": "房间",
    "Start Game": "开始游戏",
    "Click to resume Emulator": "点击恢复模拟器",
    "Drop save state here to load": "拖拽存档到此处加载",
    "Loading...": "正在加载...",
    "Download Game Core": "下载游戏核心",
    "Outdated graphics driver": "显卡驱动过时",
    "Decompress Game Core": "解压游戏核心",
    "Download Game Data": "下载游戏数据",
    "Decompress Game Data": "解压游戏数据",
    "Shaders": "着色器",
    "Disabled": "已禁用",
    "2xScaleHQ": "2xScaleHQ",
    "4xScaleHQ": "4xScaleHQ",
    "CRT caligari": "CRT caligari",
    "CRT easymode": "CRT 简单模式",
    "CRT aperture": "CRT 光圈",
    "CRT geom": "CRT 几何",
    "CRT lottes": "CRT lottes",
    "CRT mattias": "CRT mattias",
    "CRT yeetron": "CRT yeetron",
    "CRT zfast": "CRT zfast",
    "SABR": "SABR",
    "Bicubic": "双立方",
    "Mix frames": "混合帧",
    "FPS": "FPS",
    "show": "显示",
    "hide": "隐藏",
    "Fast Forward Ratio": "快进倍数",
    "Fast Forward": "快进",
    "Slow Motion Ratio": "慢动作倍数",
    "Slow Motion": "慢动作",
    "Enabled": "已启用",
    "Save State Slot": "存档槽",
    "Save State Location": "存档位置",
    "Download": "下载",
    "Keep in Browser": "保存在浏览器中",
    "Auto": "自动",
    "NTSC": "NTSC",
    "PAL": "PAL",
    "Dendy": "Dendy",
    "8:7 PAR": "8:7 PAR",
    "4:3": "4:3",
    "Low": "低",
    "High": "高",
    "Very High": "非常高",
    "None": "无",
    "Player 1": "玩家 1",
    "Player 2": "玩家 2",
    "Both": "全部",
    "SAVED STATE TO SLOT": "已保存状态到档位",
    "LOADED STATE FROM SLOT": "已从档位读取状态",
    "SET SAVE STATE SLOT TO": "设置存档档位为",
    "Network Error": "网络错误",
    "Submit": "提交",
    "Description": "描述",
    "Code": "代码",
    "Add Cheat Code": "添加作弊码",
    "Leave Room": "离开房间",
    "Password": "密码",
    "Password (optional)": "密码 (可选)",
    "Max Players": "最大玩家数",
    "Room Name": "房间名",
    "Join": "加入",
    "Player Name": "玩家名称",
    "Set Player Name": "设置玩家名称",
    "Left Handed Mode": "左手模式",
    "Virtual Gamepad": "虚拟手柄",
    "Disk": "磁盘",
    "Press Keyboard": "按键盘",
    "INSERT COIN": "投币",
    "Remove": "移除",
    "SAVE LOADED FROM BROWSER": "存档已从浏览器加载",
    "SAVE SAVED TO BROWSER": "存档已保存到浏览器",
    "Join the discord": "加入Discord",
    "View on GitHub": "在GitHub上查看",
    "Failed to start game": "无法启动游戏",
    "Download Game BIOS": "下载游戏BIOS",
    "Requires restart": "需要重启",
    "Home": "主页",
    "EmulatorJS License": "EmulatorJS 许可证",
    "RetroArch License": "RetroArch 许可证",
    "This project is powered by": "该项目由以下技术支持",
    "View the RetroArch license here": "在此查看 RetroArch 许可证",
    "A": "A",
    "B": "B",
    "SELECT": "SELECT",
    "START": "START",
    "UP": "上",
    "DOWN": "下",
    "LEFT": "左",
    "RIGHT": "右",
    "X": "X",
    "Y": "Y",
    "L": "L",
    "R": "R",
    "Z": "Z",
    "STICK UP": "摇杆上",
    "STICK DOWN": "摇杆下",
    "STICK LEFT": "摇杆左",
    "STICK RIGHT": "摇杆右",
    "C-PAD UP": "C键上",
    "C-PAD DOWN": "C键下",
    "C-PAD LEFT": "C键左",
    "C-PAD RIGHT": "C键右",
    "MICROPHONE": "麦克风",
    "BUTTON 1 / START": "按键1 / 开始",
    "BUTTON 2": "按键2",
    "BUTTON": "按键",
    "LEFT D-PAD UP": "左方向键向上",
    "LEFT D-PAD DOWN": "左方向键向下",
    "LEFT D-PAD LEFT": "左方向键向左",
    "LEFT D-PAD RIGHT": "左方向键向右",
    "RIGHT D-PAD UP": "右方向键向上",
    "RIGHT D-PAD DOWN": "右方向键向下",
    "RIGHT D-PAD LEFT": "右方向键向左",
    "RIGHT D-PAD RIGHT": "右方向键向右",
    "C": "C",
    "MODE": "模式",
    "FIRE": "开火",
    "RESET": "重置",
    "LEFT DIFFICULTY A": "左难易度A",
    "LEFT DIFFICULTY B": "左难易度B",
    "RIGHT DIFFICULTY A": "右难易度A",
    "RIGHT DIFFICULTY B": "右难易度B",
    "COLOR": "彩色",
    "B/W": "黑白",
    "PAUSE": "暂停",
    "OPTION": "选项",
    "OPTION 1": "选项1",
    "OPTION 2": "选项2",
    "L2": "L2",
    "R2": "R2",
    "L3": "L3",
    "R3": "R3",
    "L STICK UP": "左摇杆向上",
    "L STICK DOWN": "左摇杆向下",
    "L STICK LEFT": "左摇杆向左",
    "L STICK RIGHT": "左摇杆向右",
    "R STICK UP": "右摇杆向上",
    "R STICK DOWN": "右摇杆向下",
    "R STICK LEFT": "右摇杆向左",
    "R STICK RIGHT": "右摇杆向右",
    "Start": "开始",
    "Select": "选择",
    "Fast": "快进",
    "Slow": "慢动作",
    "a": "a",
    "b": "b",
    "c": "d",
    "d": "d",
    "e": "e",
    "f": "f",
    "g": "g",
    "h": "h",
    "i": "i",
    "j": "j",
    "k": "k",
    "l": "l",
    "m": "m",
    "n": "n",
    "o": "o",
    "p": "p",
    "q": "q",
    "r": "r",
    "s": "s",
    "t": "t",
    "u": "u",
    "v": "v",
    "w": "w",
    "x": "x",
    "y": "y",
    "z": "z",
    "enter": "回车",
    "escape": "Esc",
    "space": "空格",
    "tab": "Tab",
    "backspace": "退格",
    "delete": "删除",
    "arrowup": "向上箭头",
    "arrowdown": "向下箭头",
    "arrowleft": "向左箭头",
    "arrowright": "向右箭头",
    "f1": "f1",
    "f2": "f2",
    "f3": "f3",
    "f4": "f4",
    "f5": "f5",
    "f6": "f6",
    "f7": "f7",
    "f8": "f8",
    "f9": "f9",
    "f10": "f10",
    "f11": "f11",
    "f12": "F12",
    "shift": "Shift",
    "control": "Ctrl",
    "alt": "Alt",
    "meta": "Win",
    "capslock": "大写锁定",
    "insert": "Insert",
    "home": "Home",
    "end": "End",
    "pageup": "向上翻页",
    "pagedown": "向下翻页",
    "!": "！",
    "@": "@",
    "#": "#",
    "$": "$",
    "%": "%",
    "^": "^",
    "&": "&",
    "*": "*",
    "(": "（",
    ")": "）",
    "-": "-",
    "_": "_",
    "+": "+",
    "=": "=",
    "[": "[",
    "]": "]",
    "{": "{",
    "}": "}",
    ";": ";",
    ":": ":",
    "'": "'",
    "\"": "”",
    ",": ",",
    ".": "。",
    "<": "<",
    ">": ">",
    "/": "/",
    "?": "？",
    "LEFT_STICK_X": "LEFT_STICK_X",
    "LEFT_STICK_Y": "LEFT_STICK_Y",
    "RIGHT_STICK_X": "RIGHT_STICK_X",
    "RIGHT_STICK_Y": "RIGHT_STICK_Y",
    "LEFT_TRIGGER": "左扳机",
    "RIGHT_TRIGGER": "右扳机",
    "A_BUTTON": "按键A",
    "B_BUTTON": "按键B",
    "X_BUTTON": "按键X",
    "Y_BUTTON": "按键Y",
    "START_BUTTON": "开始键",
    "SELECT_BUTTON": "选择键",
    "L1_BUTTON": "L1键",
    "R1_BUTTON": "R1键",
    "Rapid Fire": "连发",
    "Hold Shift for rapid fire": "按住Shift键设置连发"
}